round,slice,frame,object_ref,cell,what,why,severity,owner,rule_id,evidence,action,rules_version,note
r2_qa,B2-center,adasind_062370.jpg,L4,L_only,WRONG_CLASS,,P2,qa,R04,r2_qa/qa_overlay.html,keep_with_reason,v1.0.0,Reviewed class boundary: passenger van retained as Car; not an asserted defect.
r2_qa,B2-center,adasind_086220.jpg,unboxed_x225_y995,L_only,MISSING,,P2,qa,R01,r2_qa/qa_overlay.html,escalate,v1.0.0,Visible dark three-wheeler appears missing; review bounding extent and add if confirmed.
r2_qa,B2-center,adasind_086220.jpg,L1,L_only,WRONG_CLASS,,P2,qa,R03,r2_qa/qa_overlay.html,escalate,v1.0.0,Car box appears to contain a rider; human zoom review requested.
r2_qa,B2-center,adasind_117120.jpg,L5,L_only,ATTRIBUTE,,P2,qa,R03,r2_qa/qa_overlay.html,escalate,v1.0.0,Check whether person is outside vehicle; retain separate box only if standing/walking.
calib,C0,adasind_019560.jpg,L2,na,SPURIOUS,E5_unresolved,P2,qa,R01,p1_calib/compare.html,escalate,v1.0.0,"Bike box appears to cover parked cargo-vehicle structure; calibration mismatch retained as observed, not retroactively corrected in locked snapshot."
calib,C0,adasind_019560.jpg,L3+R6,na,WRONG_CLASS,E5_unresolved,P2,qa,R01,p1_calib/compare.html,escalate,v1.0.0,Cargo vehicle was called Truck while reference calls ThreeWheeler; rear view obscures wheel count. Escalate class adjudication rather than assume reference is certain.
calib,C0,adasind_019560.jpg,R5,na,MISSING,E5_unresolved,P2,qa,R01,p1_calib/compare.html,escalate,v1.0.0,Larger cargo vehicle is absent as a complete learner box; partial Bike L2 covers only part. Review the original crop and class/extent together.
r1_craft,B1-center,adasind_006840.jpg,L3,na,IGNORE_SCOPE,E5_unresolved,P2,qa,R09,r1_craft/compare.html,keep_with_reason,v1.0.0,"Learner Car is excluded by reference ignore geometry. This is an ignore-scope signal, not proof of a false vehicle. Preserve label pending any separate adjudication."
r1_craft,B1-center,adasind_006840.jpg,R7,na,MISSING,E1_annotator_error,P1,annotator,R01,r1_craft/compare.html,rework,v1.0.0,"Small separate pedestrian visible between left walkers and rider, height about 48 px. Add visible box after inspecting original crop; missed during AI-assisted review."
r1_craft,B1-center,adasind_056040.jpg,L3,na,SPURIOUS,E5_unresolved,P2,qa,R03,screenshots/056040_pedestrian_conflict.png,escalate,v1.0.0,"Light-shirted figure behind center rider appears to be a separate person, but blur/overlap prevents certain identity. Retain pending QA adjudication; shared model provenance is not independent agreement."
r3_diag,B1-center,adasind_006840.jpg,L9+R1,LR_noM,MISSING,E5_unresolved,P1,ai_team,R04,r3_diag/model_compare.html,keep_with_reason,v1.0.0,"L and reference match, but no same-class model match at IoU 0.5. Inspect class and rider extent: this cell may reflect a wrong-class or partial model box rather than no detection. Retain reviewed L; model root cause remains unproven."
r3_diag,B1-center,adasind_006840.jpg,L8+R4,LR_noM,MISSING,E5_unresolved,P1,ai_team,R04,r3_diag/model_compare.html,keep_with_reason,v1.0.0,"L and reference match, but no same-class model match at IoU 0.5. Inspect class and rider extent: this cell may reflect a wrong-class or partial model box rather than no detection. Retain reviewed L; model root cause remains unproven."
r3_diag,B1-center,adasind_006840.jpg,L6+R6,LR_noM,MISSING,E5_unresolved,P1,ai_team,R04,r3_diag/model_compare.html,keep_with_reason,v1.0.0,"L and reference match, but no same-class model match at IoU 0.5. Inspect class and rider extent: this cell may reflect a wrong-class or partial model box rather than no detection. Retain reviewed L; model root cause remains unproven."
r3_diag,B1-center,adasind_006840.jpg,R7,R_only,MISSING,E1_annotator_error,P1,annotator,R01,r3_diag/model_compare.html,rework,v1.0.0,"Small separate pedestrian visible between left walkers and rider, height about 48 px. Add visible box after inspecting original crop; missed during AI-assisted review."
r3_diag,B1-center,adasind_006840.jpg,M3,M_only,SPURIOUS,E5_unresolved,P1,ai_team,R03,r3_diag/model_compare.html,keep_with_reason,v1.0.0,Model splits the seated rider from the left Bike; R03 requires one combined Bike. Observed model failure; architecture/domain root cause is unproven. Keep reviewed learner labels; use this case for future model evaluation.
r3_diag,B1-center,adasind_006840.jpg,M6,M_only,SPURIOUS,E5_unresolved,P1,ai_team,R03,r3_diag/model_compare.html,keep_with_reason,v1.0.0,Model puts a Pedestrian box on the center seated rider; combined Bike retained. Observed model failure; architecture/domain root cause is unproven. Keep reviewed learner labels; use this case for future model evaluation.
r3_diag,B1-center,adasind_006840.jpg,M8,M_only,SPURIOUS,E5_unresolved,P1,ai_team,R04,r3_diag/model_compare.html,keep_with_reason,v1.0.0,Truck prediction covers the distant left ThreeWheeler; class disagreement creates an unmatched model box. Observed model failure; architecture/domain root cause is unproven. Keep reviewed learner labels; use this case for future model evaluation.
r3_diag,B1-center,adasind_006840.jpg,M9,M_only,SPURIOUS,E5_unresolved,P1,ai_team,R03,r3_diag/model_compare.html,keep_with_reason,v1.0.0,Additional overlapping rider Pedestrian repeats the center rider rather than a separate walker. Observed model failure; architecture/domain root cause is unproven. Keep reviewed learner labels; use this case for future model evaluation.
r3_diag,B1-center,adasind_006840.jpg,M10,M_only,SPURIOUS,E5_unresolved,P1,ai_team,R04,r3_diag/model_compare.html,keep_with_reason,v1.0.0,Car prediction overlaps the same distant ThreeWheeler as M8; not a second vehicle. Observed model failure; architecture/domain root cause is unproven. Keep reviewed learner labels; use this case for future model evaluation.
r3_diag,B1-center,adasind_006840.jpg,M12,M_only,SPURIOUS,E5_unresolved,P1,ai_team,R04,r3_diag/model_compare.html,keep_with_reason,v1.0.0,Bus prediction covers a yellow ThreeWheeler; mapping follows R04. Observed model failure; architecture/domain root cause is unproven. Keep reviewed learner labels; use this case for future model evaluation.
r3_diag,B1-center,adasind_006840.jpg,M13,M_only,SPURIOUS,E5_unresolved,P1,ai_team,R04,r3_diag/model_compare.html,keep_with_reason,v1.0.0,Car prediction covers the large foreground ThreeWheeler; mapping follows R04. Observed model failure; architecture/domain root cause is unproven. Keep reviewed learner labels; use this case for future model evaluation.
r3_diag,B1-center,adasind_036720.jpg,L4+R1,LR_noM,MISSING,E5_unresolved,P1,ai_team,R04,r3_diag/model_compare.html,keep_with_reason,v1.0.0,"L and reference match, but no same-class model match at IoU 0.5. Inspect class and rider extent: this cell may reflect a wrong-class or partial model box rather than no detection. Retain reviewed L; model root cause remains unproven."
r3_diag,B1-center,adasind_036720.jpg,L2+R3,LR_noM,MISSING,E5_unresolved,P1,ai_team,R04,r3_diag/model_compare.html,keep_with_reason,v1.0.0,"L and reference match, but no same-class model match at IoU 0.5. Inspect class and rider extent: this cell may reflect a wrong-class or partial model box rather than no detection. Retain reviewed L; model root cause remains unproven."
r3_diag,B1-center,adasind_036720.jpg,L3+R4,LR_noM,MISSING,E5_unresolved,P1,ai_team,R03,r3_diag/model_compare.html,keep_with_reason,v1.0.0,"L and reference match, but no same-class model match at IoU 0.5. Inspect class and rider extent: this cell may reflect a wrong-class or partial model box rather than no detection. Retain reviewed L; model root cause remains unproven."
r3_diag,B1-center,adasind_036720.jpg,M1,M_only,SPURIOUS,E5_unresolved,P1,ai_team,R03,r3_diag/model_compare.html,keep_with_reason,v1.0.0,Pedestrian prediction is the rider of the left Bike; one combined Bike is retained. Observed model failure; architecture/domain root cause is unproven. Keep reviewed learner labels; use this case for future model evaluation.
r3_diag,B1-center,adasind_036720.jpg,M2,M_only,SPURIOUS,E5_unresolved,P1,ai_team,R03,r3_diag/model_compare.html,keep_with_reason,v1.0.0,Partial bicycle-only box fails overlap matching against the complete rider-plus-Bike extent. Observed model failure; architecture/domain root cause is unproven. Keep reviewed learner labels; use this case for future model evaluation.
r3_diag,B1-center,adasind_036720.jpg,M4,M_only,SPURIOUS,E5_unresolved,P1,ai_team,R04,r3_diag/model_compare.html,keep_with_reason,v1.0.0,Car prediction covers the roadside ThreeWheeler; R04 class correction retained. Observed model failure; architecture/domain root cause is unproven. Keep reviewed learner labels; use this case for future model evaluation.
r3_diag,B1-center,adasind_036720.jpg,M6,M_only,SPURIOUS,E5_unresolved,P1,ai_team,R04,r3_diag/model_compare.html,keep_with_reason,v1.0.0,Another partial bicycle box overlaps M2; do not retain duplicate fragments. Observed model failure; architecture/domain root cause is unproven. Keep reviewed learner labels; use this case for future model evaluation.
r3_diag,B1-center,adasind_056040.jpg,L2+R2,LR_noM,MISSING,E5_unresolved,P1,ai_team,R03,r3_diag/model_compare.html,keep_with_reason,v1.0.0,"L and reference match, but no same-class model match at IoU 0.5. Inspect class and rider extent: this cell may reflect a wrong-class or partial model box rather than no detection. Retain reviewed L; model root cause remains unproven."
r3_diag,B1-center,adasind_056040.jpg,L8+R5,LR_noM,MISSING,E5_unresolved,P1,ai_team,R04,r3_diag/model_compare.html,keep_with_reason,v1.0.0,"L and reference match, but no same-class model match at IoU 0.5. Inspect class and rider extent: this cell may reflect a wrong-class or partial model box rather than no detection. Retain reviewed L; model root cause remains unproven."
r3_diag,B1-center,adasind_056040.jpg,L4+R4,LR_noM,MISSING,E5_unresolved,P1,ai_team,R04,r3_diag/model_compare.html,keep_with_reason,v1.0.0,"L and reference match, but no same-class model match at IoU 0.5. Inspect class and rider extent: this cell may reflect a wrong-class or partial model box rather than no detection. Retain reviewed L; model root cause remains unproven."
r3_diag,B1-center,adasind_056040.jpg,L3+M4,LM_noR,SPURIOUS,E5_unresolved,P2,qa,R03,screenshots/056040_pedestrian_conflict.png,escalate,v1.0.0,"Light-shirted figure behind center rider appears to be a separate person, but blur/overlap prevents certain identity. Retain pending QA adjudication; shared model provenance is not independent agreement."
r3_diag,B1-center,adasind_056040.jpg,M2,M_only,SPURIOUS,E5_unresolved,P1,ai_team,R03,r3_diag/model_compare.html,keep_with_reason,v1.0.0,Pedestrian prediction covers the seated foreground rider; combine with Bike under R03. Observed model failure; architecture/domain root cause is unproven. Keep reviewed learner labels; use this case for future model evaluation.
r3_diag,B1-center,adasind_056040.jpg,M3,M_only,SPURIOUS,E5_unresolved,P1,ai_team,R03,r3_diag/model_compare.html,keep_with_reason,v1.0.0,Bicycle fragment excludes rider and fails matching the combined Bike extent. Observed model failure; architecture/domain root cause is unproven. Keep reviewed learner labels; use this case for future model evaluation.
r3_diag,B1-center,adasind_056040.jpg,M5,M_only,SPURIOUS,E5_unresolved,P1,ai_team,R04,r3_diag/model_compare.html,keep_with_reason,v1.0.0,Truck prediction covers the center ThreeWheeler; R04 mapping retained. Observed model failure; architecture/domain root cause is unproven. Keep reviewed learner labels; use this case for future model evaluation.
r3_diag,B1-center,adasind_056040.jpg,M9,M_only,SPURIOUS,E5_unresolved,P1,ai_team,R03,r3_diag/model_compare.html,keep_with_reason,v1.0.0,Additional small Bike fragment overlaps the center rider/Bike detection. Observed model failure; architecture/domain root cause is unproven. Keep reviewed learner labels; use this case for future model evaluation.
r3_diag,B1-center,adasind_056040.jpg,M11,M_only,SPURIOUS,E5_unresolved,P1,ai_team,R03,r3_diag/model_compare.html,keep_with_reason,v1.0.0,Pedestrian prediction covers the center rider; one Bike is appropriate under R03. Observed model failure; architecture/domain root cause is unproven. Keep reviewed learner labels; use this case for future model evaluation.
